{"injection_bfs":{"0":0.030870411,"1":0.030870411,"2":0.030870411,"3":0.030870411,"4":0.030870411,"5":0.030870411,"6":0.030870411,"7":0.030870411},"sampling_bfs":{"0":-0.4483627475,"1":-0.0506850419,"2":0.5134327677,"3":0.0962306887,"4":0.5413805846,"5":0.2516128708,"6":0.5766428843,"7":0.0808486851},"reweighing_to_memory_bfs_mem_inj":{"0":0.0226044157,"1":0.0276845792,"2":0.0214197203,"3":0.0209394014,"4":0.0292861678,"5":0.0258291274,"6":0.0229119841,"7":0.027666963},"reweighing_from_memory_bfs_mem_inj":{"0":0.028406992,"1":0.0244881137,"2":0.0197169021,"3":0.0241499973,"4":0.0207242318,"5":0.0230908558,"6":0.0221461815,"7":0.0257879706}}