{"injection_bfs":{"0":0.0881556377,"1":0.0881556377,"2":0.0881556377,"3":0.0881556377,"4":0.0881556377,"5":0.0881556377,"6":0.0881556377,"7":0.0881556377},"sampling_bfs":{"0":0.2985313646,"1":0.0264005134,"2":-0.3073140971,"3":-0.4979908099,"4":0.0600400587,"5":-0.62355982,"6":0.0228601444,"7":0.2488433346},"reweighing_to_memory_bfs_mem_inj":{"0":0.0951322351,"1":0.0878462709,"2":0.0875118389,"3":0.0860521133,"4":0.0912355376,"5":0.086539985,"6":0.0916621538,"7":0.0909094359},"reweighing_from_memory_bfs_mem_inj":{"0":0.0902348442,"1":0.0867964332,"2":0.0880190022,"3":0.0946688213,"4":0.0915091853,"5":0.0908982087,"6":0.0862448999,"7":0.083992136}}