{"injection_bfs":{"0":-0.000846694,"1":-0.000846694,"2":-0.000846694,"3":-0.000846694,"4":-0.000846694,"5":-0.000846694,"6":-0.000846694,"7":-0.000846694},"sampling_bfs":{"0":-0.1516117663,"1":0.0323627152,"2":0.0392844593,"3":0.1619155148,"4":0.110271176,"5":0.1876599774,"6":0.0593903447,"7":-0.0372458042},"reweighing_to_memory_bfs_mem_inj":{"0":-0.0004997895,"1":-0.0005663565,"2":-0.0005746461,"3":-0.0004953298,"4":-0.0005036349,"5":-0.0005728584,"6":-0.0003566251,"7":-0.000423341},"reweighing_from_memory_bfs_mem_inj":{"0":-0.0004351107,"1":-0.000464661,"2":-0.0004215991,"3":-0.0003851389,"4":-0.0005829792,"5":-0.0003496918,"6":-0.0004453273,"7":-0.0005833102}}