{"injection_bfs":{"0":-0.0008445678,"1":-0.0008445678,"2":-0.0008445678,"3":-0.0008445678,"4":-0.0008445678,"5":-0.0008445678,"6":-0.0008445678,"7":-0.0008445678},"sampling_bfs":{"0":0.1831620821,"1":-0.2202761695,"2":0.2807735303,"3":null,"4":null,"5":null,"6":-0.0369133246,"7":-0.0771981244},"reweighing_to_memory_bfs_mem_inj":{"0":-0.0002991801,"1":-0.0002507893,"2":-0.000308024,"3":-0.0002753132,"4":-0.0002714203,"5":-0.0002346732,"6":-0.0004664487,"7":-0.0004406755},"reweighing_from_memory_bfs_mem_inj":{"0":-0.0002704858,"1":-0.0004074066,"2":-0.0001149385,"3":null,"4":null,"5":null,"6":-0.0003418539,"7":-0.0002313543}}