{"injection_bfs":{"0":-0.0008699167,"1":-0.0008699167,"2":-0.0008699167,"3":-0.0008699167,"4":-0.0008699167,"5":-0.0008699167,"6":-0.0008699167,"7":-0.0008699167},"sampling_bfs":{"0":0.1481144284,"1":0.6049151245,"2":0.5919119114,"3":0.2478791011,"4":0.2188158642,"5":0.2345875209,"6":-0.1594815323,"7":0.1660604098},"reweighing_to_memory_bfs_mem_inj":{"0":-0.000712061,"1":-0.0006830191,"2":-0.0007976714,"3":-0.0007356603,"4":-0.0007982119,"5":-0.000759727,"6":-0.0008017575,"7":-0.0007944752},"reweighing_from_memory_bfs_mem_inj":{"0":-0.0007677397,"1":-0.0007682054,"2":-0.0007915366,"3":-0.0007662774,"4":-0.0008171803,"5":-0.0008219873,"6":-0.0008279108,"7":-0.0006969654}}