{"injection_bfs":{"0":0.3405971403,"1":0.3405971403,"2":0.3405971403,"3":0.3405971403,"4":0.3405971403,"5":0.3405971403,"6":0.3405971403,"7":0.3405971403},"sampling_bfs":{"0":0.6000936398,"1":0.2115854537,"2":1.2798249428,"3":0.4933071751,"4":0.4467518352,"5":0.2005340055,"6":0.9381893773,"7":0.3729579429},"reweighing_to_memory_bfs_mem_inj":{"0":0.3303641712,"1":0.3360164625,"2":0.3292038302,"3":0.335591265,"4":0.3393948662,"5":0.3375171728,"6":0.3359450828,"7":0.3321279717},"reweighing_from_memory_bfs_mem_inj":{"0":0.3332996402,"1":0.3441893635,"2":0.3350424827,"3":0.3366435108,"4":0.3383919832,"5":0.3309128338,"6":0.3332451552,"7":0.3532139482}}