{"injection_bfs":{"0":0.2959572426,"1":0.2959572426,"2":0.2959572426,"3":0.2959572426,"4":0.2959572426,"5":0.2959572426,"6":0.2959572426,"7":0.2959572426},"sampling_bfs":{"0":0.2073953989,"1":0.1070251263,"2":0.3381003473,"3":0.1958746223,"4":0.250377726,"5":0.2492574054,"6":-0.0487121832,"7":0.1242120637},"reweighing_to_memory_bfs_mem_inj":{"0":0.2560048077,"1":0.2563340564,"2":0.2532830327,"3":0.2467923228,"4":0.251553765,"5":0.2494159019,"6":0.2519065399,"7":0.2526998456},"reweighing_from_memory_bfs_mem_inj":{"0":0.2558058952,"1":0.2540679427,"2":0.2508406922,"3":0.2480267739,"4":0.2492906877,"5":0.2506914186,"6":0.2588919341,"7":0.2506511685}}