{"injection_bfs":{"0":0.0418031198,"1":0.0418031198,"2":0.0418031198,"3":0.0418031198,"4":0.0418031198,"5":0.0418031198,"6":0.0418031198,"7":0.0418031198},"sampling_bfs":{"0":-0.0472287721,"1":-0.2536563808,"2":-0.3367949998,"3":0.0131983855,"4":0.1926981745,"5":0.2999128598,"6":-0.0439682722,"7":-0.0802105842},"reweighing_to_memory_bfs_mem_inj":{"0":0.0311134004,"1":0.0357643201,"2":0.0369464004,"3":0.0372346513,"4":0.0366550451,"5":0.0339085983,"6":0.0329797324,"7":0.0365062584},"reweighing_from_memory_bfs_mem_inj":{"0":0.0317885138,"1":0.0339533427,"2":0.0350418842,"3":0.0312397575,"4":0.0188249878,"5":0.0335307777,"6":0.0318053898,"7":0.0342862368}}