{"injection_bfs":{"0":0.0227869188,"1":0.0227869188,"2":0.0227869188,"3":0.0227869188,"4":0.0227869188,"5":0.0227869188,"6":0.0227869188,"7":0.0227869188},"sampling_bfs":{"0":-1.0313748809,"1":-0.6419185232,"2":-0.0174935406,"3":0.015057931,"4":-0.049447664,"5":-0.0270715434,"6":0.1001881085,"7":0.0986692308},"reweighing_to_memory_bfs_mem_inj":{"0":0.0121990406,"1":0.0165025308,"2":0.0141316361,"3":0.0146142669,"4":0.0111124919,"5":0.0144167724,"6":0.0156866888,"7":0.0135017007},"reweighing_from_memory_bfs_mem_inj":{"0":0.0180773884,"1":0.0187474833,"2":0.0104859601,"3":0.0155844847,"4":0.0171926099,"5":0.0180893181,"6":0.011882711,"7":0.0183080144}}