{"injection_bfs":{"0":0.0069161318,"1":0.0069161318,"2":0.0069161318,"3":0.0069161318,"4":0.0069161318,"5":0.0069161318,"6":0.0069161318,"7":0.0069161318},"sampling_bfs":{"0":-0.1595724574,"1":-0.2714798404,"2":0.2620326061,"3":0.5528049864,"4":0.3551588765,"5":0.0067811255,"6":-0.0597812605,"7":-0.6314809407},"reweighing_to_memory_bfs_mem_inj":{"0":0.0035487189,"1":0.0024405681,"2":0.003283973,"3":0.0027579056,"4":0.0024656271,"5":0.0031386143,"6":0.0025155444,"7":0.002446497},"reweighing_from_memory_bfs_mem_inj":{"0":0.0020897454,"1":0.0024556973,"2":0.0016022304,"3":0.0024819109,"4":0.0029858143,"5":0.0019621311,"6":0.0031790243,"7":0.0024532807}}