{"injection_bfs":{"0":-0.0008459432,"1":-0.0008459432,"2":-0.0008459432,"3":-0.0008459432,"4":-0.0008459432,"5":-0.0008459432,"6":-0.0008459432,"7":-0.0008459432},"sampling_bfs":{"0":-0.135198026,"1":-0.2961175564,"2":-0.0018819026,"3":-0.0331709989,"4":0.0527973101,"5":0.2347620777,"6":0.1302213624,"7":0.0563218638},"reweighing_to_memory_bfs_mem_inj":{"0":-0.000489196,"1":-0.0005021084,"2":-0.0003564977,"3":-0.0007474598,"4":-0.0005530842,"5":-0.0004911404,"6":-0.0004510373,"7":-0.0004657864},"reweighing_from_memory_bfs_mem_inj":{"0":-0.0005173502,"1":-0.0004166224,"2":-0.0003031356,"3":-0.0004194206,"4":-0.0004745719,"5":-0.0005133412,"6":-0.000398296,"7":-0.0001944861}}