{"injection_bfs":{"0":0.0079417104,"1":0.0079417104,"2":0.0079417104,"3":0.0079417104,"4":0.0079417104,"5":0.0079417104,"6":0.0079417104,"7":0.0079417104},"sampling_bfs":{"0":0.6498140191,"1":0.0522336645,"2":-0.4393794447,"3":0.0565465368,"4":-0.2565201212,"5":-0.2635251337,"6":0.7859006902,"7":0.2564378103},"reweighing_to_memory_bfs_mem_inj":{"0":0.0040815937,"1":0.00228133,"2":0.003945793,"3":0.0036784276,"4":0.0027425469,"5":0.0030972167,"6":0.002807014,"7":0.0038401131},"reweighing_from_memory_bfs_mem_inj":{"0":0.0042718198,"1":0.003699236,"2":0.0038667479,"3":0.0045143452,"4":0.0039735745,"5":0.0023494741,"6":0.0034309694,"7":0.0032521865}}