{"injection_bfs":{"0":0.2959572426,"1":0.2959572426,"2":0.2959572426,"3":0.2959572426,"4":0.2959572426,"5":0.2959572426,"6":0.2959572426,"7":0.2959572426},"sampling_bfs":{"0":null,"1":null,"2":null,"3":null,"4":null,"5":null,"6":null,"7":null},"reweighing_to_memory_bfs_mem_inj":{"0":0.2491810765,"1":0.2508991151,"2":0.2542943937,"3":0.2659189333,"4":0.2457926095,"5":0.2666834591,"6":0.2588604706,"7":0.2539874049},"reweighing_from_memory_bfs_mem_inj":{"0":null,"1":null,"2":null,"3":null,"4":null,"5":null,"6":null,"7":null}}