{"injection_bfs":{"0":0.0146208211,"1":0.0146208211,"2":0.0146208211,"3":0.0146208211,"4":0.0146208211,"5":0.0146208211,"6":0.0146208211,"7":0.0146208211},"sampling_bfs":{"0":0.1459453922,"1":-0.1688478402,"2":-0.1378590066,"3":0.3547741426,"4":-0.1407580529,"5":0.0453740842,"6":-0.3316908125,"7":0.0285796316},"reweighing_to_memory_bfs_mem_inj":{"0":0.0067334141,"1":0.0053749233,"2":0.0064165769,"3":0.0072973055,"4":0.0065837005,"5":0.0081041932,"6":0.0078922968,"7":0.0106585561},"reweighing_from_memory_bfs_mem_inj":{"0":0.0063892661,"1":0.0072258821,"2":0.0018265382,"3":0.0035016246,"4":0.0076801587,"5":0.0112867498,"6":0.0050385613,"7":0.0042121995}}