{"injection_bfs":{"0":-0.0008783066,"1":-0.0008783066,"2":-0.0008783066,"3":-0.0008783066,"4":-0.0008783066,"5":-0.0008783066,"6":-0.0008783066,"7":-0.0008783066},"sampling_bfs":{"0":0.4439131394,"1":0.4468218077,"2":0.2892454377,"3":0.187901346,"4":0.8948925316,"5":0.4527763543,"6":0.5430850209,"7":0.15339098},"reweighing_to_memory_bfs_mem_inj":{"0":-0.0008574508,"1":-0.0007670456,"2":-0.0008883927,"3":-0.0007876995,"4":-0.0008907087,"5":-0.0009002599,"6":-0.0007138683,"7":-0.0007857474},"reweighing_from_memory_bfs_mem_inj":{"0":-0.0006695266,"1":-0.0009067698,"2":-0.0008514232,"3":-0.0008103336,"4":-0.0007819341,"5":-0.0007627491,"6":-0.0008215448,"7":-0.0007883883}}