{"injection_bfs":{"0":-0.000844095,"1":-0.000844095,"2":-0.000844095,"3":-0.000844095,"4":-0.000844095,"5":-0.000844095,"6":-0.000844095,"7":-0.000844095},"sampling_bfs":{"0":0.1040509263,"1":0.0337935438,"2":-0.109321335,"3":0.1121256954,"4":0.1841900928,"5":0.047080023,"6":-0.1029009803,"7":-0.0484522023},"reweighing_to_memory_bfs_mem_inj":{"0":-0.0002913969,"1":-0.000123344,"2":-0.0001483158,"3":-0.0002993106,"4":-0.0002233341,"5":-0.0002934089,"6":-0.0003012909,"7":-0.0003147666},"reweighing_from_memory_bfs_mem_inj":{"0":-0.0002592014,"1":-0.0003124862,"2":-0.0001443606,"3":-0.0002832896,"4":-0.0002526618,"5":-0.0002047302,"6":-0.0002069955,"7":-0.0001705571}}