{"injection_bfs":{"0":-0.0008453634,"1":-0.0008453634,"2":-0.0008453634,"3":-0.0008453634,"4":-0.0008453634,"5":-0.0008453634,"6":-0.0008453634,"7":-0.0008453634},"sampling_bfs":{"0":-0.129384317,"1":0.1247173997,"2":-0.0531489058,"3":0.2358348823,"4":0.0829777078,"5":-0.0530446677,"6":0.1762738893,"7":0.0692833205},"reweighing_to_memory_bfs_mem_inj":{"0":-0.0006138236,"1":-0.0003158989,"2":-0.0003626287,"3":-0.0000770982,"4":-0.0003616675,"5":-0.0005577716,"6":-0.0004090999,"7":-0.0003856602},"reweighing_from_memory_bfs_mem_inj":{"0":-0.0004325596,"1":-0.0003973446,"2":-0.0000841112,"3":-0.0004199514,"4":-0.0002535778,"5":-0.0003906488,"6":-0.0001316688,"7":-0.0003672911}}