{"injection_bfs":{"0":-0.0008555806,"1":-0.0008555806,"2":-0.0008555806,"3":-0.0008555806,"4":-0.0008555806,"5":-0.0008555806,"6":-0.0008555806,"7":-0.0008555806},"sampling_bfs":{"0":0.0159264364,"1":0.2602361674,"2":0.0526507743,"3":0.5537968116,"4":0.2897573758,"5":0.3569311583,"6":0.1041688307,"7":0.0583711039},"reweighing_to_memory_bfs_mem_inj":{"0":-0.0007846792,"1":-0.0007251421,"2":-0.0005302502,"3":-0.0007077812,"4":-0.0006740658,"5":-0.000775397,"6":-0.0007499814,"7":-0.0007120131},"reweighing_from_memory_bfs_mem_inj":{"0":-0.0006083534,"1":-0.0007098939,"2":-0.0007163377,"3":-0.0007360059,"4":-0.0006947991,"5":-0.0007275754,"6":-0.0007115144,"7":-0.0007591597}}