{"injection_bfs":{"0":0.076586287,"1":0.076586287,"2":0.076586287,"3":0.076586287,"4":0.076586287,"5":0.076586287,"6":0.076586287,"7":0.076586287},"sampling_bfs":{"0":-0.1860362648,"1":0.3175629609,"2":0.2271082671,"3":-0.1039945465,"4":0.3618858131,"5":0.0094408039,"6":0.1465452618,"7":-0.0008515086},"reweighing_to_memory_bfs_mem_inj":{"0":0.0287732176,"1":0.0683336225,"2":0.068698024,"3":0.0691654689,"4":0.0681777658,"5":0.0659820333,"6":0.0685643033,"7":0.0721221352},"reweighing_from_memory_bfs_mem_inj":{"0":0.0720205678,"1":0.0682396056,"2":0.0637099413,"3":0.0674167818,"4":0.0663725742,"5":0.0734249011,"6":0.0672237685,"7":0.0661765236}}