{"injection_bfs":{"0":-0.0008527771,"1":-0.0008527771,"2":-0.0008527771,"3":-0.0008527771,"4":-0.0008527771,"5":-0.0008527771,"6":-0.0008527771,"7":-0.0008527771},"sampling_bfs":{"0":0.1247975288,"1":-0.0183387291,"2":-0.2023230619,"3":0.096534009,"4":-0.289546475,"5":0.1004436702,"6":-0.0710058458,"7":0.3801188701},"reweighing_to_memory_bfs_mem_inj":{"0":-0.0004886877,"1":-0.0006941591,"2":-0.0007083858,"3":-0.0006667917,"4":-0.0007699603,"5":-0.000751823,"6":-0.00064306,"7":-0.0005946483},"reweighing_from_memory_bfs_mem_inj":{"0":-0.0007266771,"1":-0.0004725608,"2":-0.0005804048,"3":-0.0006529588,"4":-0.0006847657,"5":-0.0006788065,"6":-0.0005881113,"7":-0.0006920273}}