{"injection_bfs":{"0":-0.0008592458,"1":-0.0008592458,"2":-0.0008592458,"3":-0.0008592458,"4":-0.0008592458,"5":-0.0008592458,"6":-0.0008592458,"7":-0.0008592458},"sampling_bfs":{"0":0.3461236319,"1":-0.1288058644,"2":-0.1967670666,"3":0.0667862938,"4":0.1982460941,"5":-0.0729774008,"6":0.1478000938,"7":0.1454563104},"reweighing_to_memory_bfs_mem_inj":{"0":-0.0007126078,"1":-0.000780494,"2":-0.0007751858,"3":-0.0006525606,"4":-0.0007565642,"5":-0.000703884,"6":-0.0007124422,"7":-0.0007310924},"reweighing_from_memory_bfs_mem_inj":{"0":-0.0007202423,"1":-0.0007077905,"2":-0.0007544635,"3":-0.0007737028,"4":-0.0007759828,"5":-0.0007230331,"6":-0.0007491966,"7":-0.0007158912}}