{"injection_bfs":{"0":0.0418031198,"1":0.0418031198,"2":0.0418031198,"3":0.0418031198,"4":0.0418031198,"5":0.0418031198,"6":0.0418031198,"7":0.0418031198},"sampling_bfs":{"0":0.2212188234,"1":-0.3979702706,"2":0.0401448242,"3":-0.3409414857,"4":0.1211796829,"5":0.1882686063,"6":0.4270637178,"7":-0.0294894689},"reweighing_to_memory_bfs_mem_inj":{"0":0.0379811713,"1":0.03548679,"2":0.0348692921,"3":0.0370852493,"4":0.0353476952,"5":0.0363260773,"6":0.0361553311,"7":0.0347861959},"reweighing_from_memory_bfs_mem_inj":{"0":0.0340215828,"1":0.0345199718,"2":0.0372464947,"3":0.0215587283,"4":0.0328087206,"5":0.0328158699,"6":0.0345923654,"7":0.0321362792}}