{"injection_bfs":{"0":0.1193283764,"1":0.1193283764,"2":0.1193283764,"3":0.1193283764,"4":0.1193283764,"5":0.1193283764,"6":0.1193283764,"7":0.1193283764},"sampling_bfs":{"0":null,"1":null,"2":null,"3":-0.4658804547,"4":null,"5":null,"6":null,"7":null},"reweighing_to_memory_bfs_mem_inj":{"0":0.1168132639,"1":0.1211829143,"2":0.1162338537,"3":0.1160795624,"4":0.113308942,"5":0.1092311398,"6":0.116285273,"7":0.1141156862},"reweighing_from_memory_bfs_mem_inj":{"0":null,"1":null,"2":null,"3":0.1173361108,"4":null,"5":null,"6":null,"7":null}}