{"injection_bfs":{"0":-0.0008505927,"1":-0.0008505927,"2":-0.0008505927,"3":-0.0008505927,"4":-0.0008505927,"5":-0.0008505927,"6":-0.0008505927,"7":-0.0008505927},"sampling_bfs":{"0":0.3329790952,"1":-0.3630568225,"2":0.299340004,"3":0.064226534,"4":0.0884455358,"5":0.5691518775,"6":-0.1291352443,"7":0.2367688017},"reweighing_to_memory_bfs_mem_inj":{"0":-0.0005249112,"1":-0.0006404881,"2":-0.0005242001,"3":-0.0008150243,"4":-0.0006028049,"5":-0.0005331916,"6":-0.0006050814,"7":-0.0002677906},"reweighing_from_memory_bfs_mem_inj":{"0":-0.0005999877,"1":-0.0008021487,"2":-0.0006305082,"3":-0.0005839877,"4":-0.0005286357,"5":-0.0006069964,"6":-0.0006618153,"7":-0.0001156543}}