{"injection_bfs":{"0":0.2186011211,"1":0.2186011211,"2":0.2186011211,"3":0.2186011211,"4":0.2186011211,"5":0.2186011211,"6":0.2186011211,"7":0.2186011211},"sampling_bfs":{"0":null,"1":null,"2":null,"3":null,"4":null,"5":null,"6":null,"7":null},"reweighing_to_memory_bfs_mem_inj":{"0":0.2048438476,"1":0.1903856184,"2":0.1911676395,"3":0.1962069835,"4":0.1934467768,"5":0.1968463611,"6":0.1958145756,"7":0.1946182311},"reweighing_from_memory_bfs_mem_inj":{"0":null,"1":null,"2":null,"3":null,"4":null,"5":null,"6":null,"7":null}}