{"injection_bfs":{"0":-0.0008489481,"1":-0.0008489481,"2":-0.0008489481,"3":-0.0008489481,"4":-0.0008489481,"5":-0.0008489481,"6":-0.0008489481,"7":-0.0008489481},"sampling_bfs":{"0":-0.0186295072,"1":-0.0314214479,"2":0.6264425344,"3":-0.1106193297,"4":-0.0113796614,"5":0.0815570428,"6":0.1370384669,"7":-0.084720708},"reweighing_to_memory_bfs_mem_inj":{"0":-0.000660515,"1":-0.000603537,"2":-0.0005949187,"3":-0.0005654242,"4":-0.0004475092,"5":-0.0006423965,"6":-0.0003566395,"7":-0.0004532265},"reweighing_from_memory_bfs_mem_inj":{"0":-0.000624291,"1":-0.0005474191,"2":-0.0006518399,"3":-0.0004287492,"4":-0.0004926554,"5":-0.0007295857,"6":-0.0005209224,"7":-0.0005742202}}