{"injection_bfs":{"0":0.076586287,"1":0.076586287,"2":0.076586287,"3":0.076586287,"4":0.076586287,"5":0.076586287,"6":0.076586287,"7":0.076586287},"sampling_bfs":{"0":0.2119724999,"1":-0.0935756681,"2":-0.3343072797,"3":-0.0555360095,"4":0.291232587,"5":0.4962571459,"6":0.131192852,"7":-0.1226163622},"reweighing_to_memory_bfs_mem_inj":{"0":0.06982692,"1":0.0602771397,"2":0.0663119618,"3":0.0679149471,"4":0.0649011944,"5":0.0679437802,"6":0.0682285453,"7":0.0674603939},"reweighing_from_memory_bfs_mem_inj":{"0":0.0663604332,"1":0.0673382452,"2":0.0728831625,"3":0.0678514626,"4":0.0706614303,"5":0.0607212347,"6":0.0696146991,"7":0.0675415546}}