{"injection_bfs":{"0":0.0198084397,"1":0.0198084397,"2":0.0198084397,"3":0.0198084397,"4":0.0198084397,"5":0.0198084397,"6":0.0198084397,"7":0.0198084397},"sampling_bfs":{"0":0.2167835272,"1":-0.1753763236,"2":0.3198151076,"3":0.8964832519,"4":0.4324201773,"5":-0.3057324649,"6":-0.1015226704,"7":-0.5114273228},"reweighing_to_memory_bfs_mem_inj":{"0":0.011532408,"1":0.0107995586,"2":0.0120115553,"3":0.0105944457,"4":0.0119588497,"5":0.0032223065,"6":0.0090215775,"7":0.0126437643},"reweighing_from_memory_bfs_mem_inj":{"0":0.0104415037,"1":0.0107780227,"2":0.0105137682,"3":0.0130998333,"4":0.0133570844,"5":0.0033521139,"6":0.0103250768,"7":0.0130008949}}