{"injection_bfs":{"0":0.0146208211,"1":0.0146208211,"2":0.0146208211,"3":0.0146208211,"4":0.0146208211,"5":0.0146208211,"6":0.0146208211,"7":0.0146208211},"sampling_bfs":{"0":null,"1":null,"2":null,"3":null,"4":null,"5":null,"6":null,"7":null},"reweighing_to_memory_bfs_mem_inj":{"0":null,"1":null,"2":null,"3":null,"4":null,"5":null,"6":null,"7":null},"reweighing_from_memory_bfs_mem_inj":{"0":null,"1":null,"2":null,"3":null,"4":null,"5":null,"6":null,"7":null}}