{"injection_bfs":{"0":0.1614907832,"1":0.1614907832,"2":0.1614907832,"3":0.1614907832,"4":0.1614907832,"5":0.1614907832,"6":0.1614907832,"7":0.1614907832},"sampling_bfs":{"0":null,"1":null,"2":null,"3":null,"4":null,"5":null,"6":null,"7":null},"reweighing_to_memory_bfs_mem_inj":{"0":0.1545079219,"1":0.1476602955,"2":0.1521051222,"3":0.1516438981,"4":0.1522259863,"5":0.1509831583,"6":0.155709556,"7":0.1516644184},"reweighing_from_memory_bfs_mem_inj":{"0":null,"1":null,"2":null,"3":null,"4":null,"5":null,"6":null,"7":null}}