{"injection_bfs":{"0":0.0881556377,"1":0.0881556377,"2":0.0881556377,"3":0.0881556377,"4":0.0881556377,"5":0.0881556377,"6":0.0881556377,"7":0.0881556377},"sampling_bfs":{"0":0.4028362169,"1":0.1293951744,"2":-0.2698466052,"3":0.0050460862,"4":0.1130414042,"5":-0.0342850644,"6":0.0881668225,"7":0.0760659332},"reweighing_to_memory_bfs_mem_inj":{"0":0.0893994579,"1":0.0868419716,"2":0.0889907276,"3":0.0851997684,"4":0.0929669998,"5":0.0913669951,"6":0.0875358001,"7":0.0903524781},"reweighing_from_memory_bfs_mem_inj":{"0":0.086579252,"1":0.0893495,"2":0.0882992749,"3":0.0867977511,"4":0.0887049973,"5":0.0881113313,"6":0.0889981756,"7":0.0884711088}}