{"injection_bfs":{"0":0.2186011211,"1":0.2186011211,"2":0.2186011211,"3":0.2186011211,"4":0.2186011211,"5":0.2186011211,"6":0.2186011211,"7":0.2186011211},"sampling_bfs":{"0":0.1921547633,"1":0.1478632236,"2":0.0176145136,"3":-0.3979155764,"4":0.0367790437,"5":0.1916447575,"6":0.2150296126,"7":0.7580184811},"reweighing_to_memory_bfs_mem_inj":{"0":0.1941410182,"1":0.1993849437,"2":0.1884000326,"3":0.1885134356,"4":0.1910828554,"5":0.206383728,"6":0.1989124623,"7":0.1965353818},"reweighing_from_memory_bfs_mem_inj":{"0":0.1991953765,"1":0.1943022659,"2":0.2029727419,"3":0.2173188486,"4":0.1918983187,"5":0.1918880598,"6":0.1977875989,"7":0.1970465007}}