{"injection_bfs":{"0":-0.0008443022,"1":-0.0008443022,"2":-0.0008443022,"3":-0.0008443022,"4":-0.0008443022,"5":-0.0008443022,"6":-0.0008443022,"7":-0.0008443022},"sampling_bfs":{"0":-0.1032240622,"1":-0.0558453554,"2":-0.1135623689,"3":-0.1938307906,"4":0.0853942052,"5":0.0896390189,"6":-0.0676823019,"7":0.2120291373},"reweighing_to_memory_bfs_mem_inj":{"0":-0.0003224949,"1":-0.0001150174,"2":-0.0006372802,"3":-0.0002967265,"4":-0.0002449864,"5":-0.0002160032,"6":-0.0002096458,"7":-0.0001335088},"reweighing_from_memory_bfs_mem_inj":{"0":-0.0001061273,"1":-0.0002618139,"2":-0.0002595647,"3":-0.0001347577,"4":-0.0001136184,"5":-0.0003567981,"6":-0.0000711011,"7":-0.0007722347}}