{"injection_bfs":{"0":0.0227869188,"1":0.0227869188,"2":0.0227869188,"3":0.0227869188,"4":0.0227869188,"5":0.0227869188,"6":0.0227869188,"7":0.0227869188},"sampling_bfs":{"0":0.0281459284,"1":-0.2801191592,"2":0.2653485333,"3":-0.1007495294,"4":-0.3111246838,"5":0.3846478882,"6":0.4714148947,"7":-0.0923393089},"reweighing_to_memory_bfs_mem_inj":{"0":0.0195591755,"1":0.0169595231,"2":0.0126328768,"3":0.0209426846,"4":0.0039397579,"5":0.0164602063,"6":0.0156004933,"7":0.015606764},"reweighing_from_memory_bfs_mem_inj":{"0":0.0156035002,"1":0.0195439113,"2":0.0151981678,"3":0.0129254329,"4":0.0204574855,"5":0.0152892264,"6":0.0169672404,"7":0.0200383468}}