{"injection_bfs":{"0":0.0107843377,"1":0.0107843377,"2":0.0107843377,"3":0.0107843377,"4":0.0107843377,"5":0.0107843377,"6":0.0107843377,"7":0.0107843377},"sampling_bfs":{"0":-0.2461820082,"1":-0.1637730128,"2":-0.5821396654,"3":0.5132614973,"4":-0.383787118,"5":0.1048411889,"6":-0.6841534028,"7":0.3650305913},"reweighing_to_memory_bfs_mem_inj":{"0":0.0072095741,"1":0.0050381407,"2":0.0071256358,"3":0.0045516311,"4":0.004275508,"5":0.0050760586,"6":0.0045962227,"7":0.0046458982},"reweighing_from_memory_bfs_mem_inj":{"0":0.0055340095,"1":0.0028976454,"2":0.0053456553,"3":0.0054073535,"4":0.0072467844,"5":0.0055301899,"6":0.0028321908,"7":0.003874231}}