{"injection_bfs":{"0":0.1614907832,"1":0.1614907832,"2":0.1614907832,"3":0.1614907832,"4":0.1614907832,"5":0.1614907832,"6":0.1614907832,"7":0.1614907832},"sampling_bfs":{"0":0.940611914,"1":0.3002950661,"2":0.8460860841,"3":-0.1257665825,"4":0.6356107808,"5":-0.142851751,"6":0.1765503325,"7":0.3888783016},"reweighing_to_memory_bfs_mem_inj":{"0":0.1445271533,"1":0.1470763771,"2":0.1489143554,"3":0.1523829165,"4":0.1479763102,"5":0.1551357101,"6":0.1498134631,"7":0.1532035465},"reweighing_from_memory_bfs_mem_inj":{"0":0.1514897998,"1":0.1532057352,"2":0.1507530736,"3":0.155626879,"4":0.1508850502,"5":0.15295629,"6":0.1495837724,"7":0.1570766758}}