{"injection_bfs":{"0":0.1193283764,"1":0.1193283764,"2":0.1193283764,"3":0.1193283764,"4":0.1193283764,"5":0.1193283764,"6":0.1193283764,"7":0.1193283764},"sampling_bfs":{"0":0.8335329282,"1":0.3783654269,"2":0.0916924777,"3":-0.6667785869,"4":0.1416711957,"5":0.1315561535,"6":0.163441989,"7":0.0892858024},"reweighing_to_memory_bfs_mem_inj":{"0":0.1171109862,"1":0.1137201881,"2":0.1159228717,"3":0.1152832809,"4":0.115319686,"5":0.1152709474,"6":0.1127984296,"7":0.1186501502},"reweighing_from_memory_bfs_mem_inj":{"0":0.1177765766,"1":0.1171252183,"2":0.1112778088,"3":0.1201431641,"4":0.1146096596,"5":0.1122017635,"6":0.1144004771,"7":0.1132131443}}