{"injection_bfs":{"0":0.3405971403,"1":0.3405971403,"2":0.3405971403,"3":0.3405971403,"4":0.3405971403,"5":0.3405971403,"6":0.3405971403,"7":0.3405971403},"sampling_bfs":{"0":null,"1":null,"2":null,"3":null,"4":null,"5":null,"6":null,"7":null},"reweighing_to_memory_bfs_mem_inj":{"0":0.3322874656,"1":0.3355286787,"2":0.335773582,"3":0.3365267846,"4":0.3341744909,"5":0.3529545225,"6":0.3318010976,"7":0.3339898583},"reweighing_from_memory_bfs_mem_inj":{"0":null,"1":null,"2":null,"3":null,"4":null,"5":null,"6":null,"7":null}}