{"injection_bfs":{"0":0.030870411,"1":0.030870411,"2":0.030870411,"3":0.030870411,"4":0.030870411,"5":0.030870411,"6":0.030870411,"7":0.030870411},"sampling_bfs":{"0":-0.4427307427,"1":-0.0660275782,"2":-0.4367497651,"3":0.0442437618,"4":0.1968396591,"5":-0.0508506405,"6":0.2904906261,"7":0.1473713018},"reweighing_to_memory_bfs_mem_inj":{"0":0.0208214061,"1":0.0237584907,"2":0.0233322108,"3":0.0245612782,"4":0.0249849996,"5":0.004533019,"6":0.0240689185,"7":0.0260153542},"reweighing_from_memory_bfs_mem_inj":{"0":0.0215552994,"1":0.020637108,"2":0.0171606916,"3":0.0248823528,"4":0.01629749,"5":0.0211655378,"6":0.0205739856,"7":0.0224307947}}