{"injection_bfs":{"0":0.0565816537,"1":0.0565816537,"2":0.0565816537,"3":0.0565816537,"4":0.0565816537,"5":0.0565816537,"6":0.0565816537,"7":0.0565816537},"sampling_bfs":{"0":0.2810459824,"1":-0.4479065237,"2":-0.2649311857,"3":0.3093039345,"4":0.4482907218,"5":-0.0620093296,"6":0.6219296542,"7":0.1952193357},"reweighing_to_memory_bfs_mem_inj":{"0":0.051688745,"1":0.0487283111,"2":0.0500828293,"3":0.0504626632,"4":0.0528916783,"5":0.0497678155,"6":0.0485572032,"7":0.0506319377},"reweighing_from_memory_bfs_mem_inj":{"0":0.0503915053,"1":0.0508227826,"2":0.0479321513,"3":0.0500228193,"4":0.0496362475,"5":0.04743072,"6":0.0476652275,"7":0.0485385415}}