{"injection_bfs":{"0":-0.0008639323,"1":-0.0008639323,"2":-0.0008639323,"3":-0.0008639323,"4":-0.0008639323,"5":-0.0008639323,"6":-0.0008639323,"7":-0.0008639323},"sampling_bfs":{"0":0.1827477881,"1":-0.0585544858,"2":0.0158705627,"3":0.2559539016,"4":0.1155320823,"5":0.3289773318,"6":-0.0392742653,"7":0.4563417734},"reweighing_to_memory_bfs_mem_inj":{"0":-0.0004033562,"1":-0.000979666,"2":-0.0005856666,"3":-0.0008720046,"4":-0.0006257546,"5":-0.000930265,"6":-0.0005995243,"7":-0.0005629316},"reweighing_from_memory_bfs_mem_inj":{"0":-0.0003881753,"1":-0.0009171076,"2":-0.0009961066,"3":-0.0008602665,"4":-0.0008150395,"5":-0.0009395271,"6":-0.0008680449,"7":-0.0007663944}}