{"injection_bfs":{"0":0.0565816537,"1":0.0565816537,"2":0.0565816537,"3":0.0565816537,"4":0.0565816537,"5":0.0565816537,"6":0.0565816537,"7":0.0565816537},"sampling_bfs":{"0":0.4042048304,"1":0.3112169294,"2":0.3838418632,"3":0.5665963577,"4":0.1165291948,"5":0.2458549526,"6":-0.4795761977,"7":-0.244208134},"reweighing_to_memory_bfs_mem_inj":{"0":0.0517258726,"1":0.0513121791,"2":0.0470259598,"3":0.0488237191,"4":0.0539239352,"5":0.0493498002,"6":0.0509291524,"7":0.0508123725},"reweighing_from_memory_bfs_mem_inj":{"0":0.0509504582,"1":0.0503580439,"2":0.0527018283,"3":0.0520773072,"4":0.05044819,"5":0.0440110475,"6":0.0469349435,"7":0.0477303962}}