{"injection_bfs":{"0":0.0198084397,"1":0.0198084397,"2":0.0198084397,"3":0.0198084397,"4":0.0198084397,"5":0.0198084397,"6":0.0198084397,"7":0.0198084397},"sampling_bfs":{"0":-0.1314045102,"1":-0.2089881897,"2":-0.168638556,"3":-0.048636209,"4":-0.1772578392,"5":-0.0536549235,"6":0.0365549967,"7":0.1203136055},"reweighing_to_memory_bfs_mem_inj":{"0":0.0081390831,"1":0.0103970191,"2":0.0127404212,"3":0.0128071878,"4":0.0060448197,"5":0.009909169,"6":0.0114929567,"7":0.0118508464},"reweighing_from_memory_bfs_mem_inj":{"0":0.0137642644,"1":0.0103519658,"2":0.0072406312,"3":0.0102248843,"4":0.0127605742,"5":0.0147478884,"6":0.0066595707,"7":0.0130796663}}