{"injection_bfs":{"0":-0.0008449154,"1":-0.0008449154,"2":-0.0008449154,"3":-0.0008449154,"4":-0.0008449154,"5":-0.0008449154,"6":-0.0008449154,"7":-0.0008449154},"sampling_bfs":{"0":0.1799253454,"1":-0.0347598819,"2":0.1045530146,"3":0.0801419992,"4":0.0512107403,"5":0.07109371,"6":0.0038085279,"7":0.0885066986},"reweighing_to_memory_bfs_mem_inj":{"0":-0.0004049222,"1":-0.0004551599,"2":-0.0003330294,"3":-0.0003278394,"4":-0.0002939294,"5":-0.0005139536,"6":-0.0003442129,"7":-0.0005017304},"reweighing_from_memory_bfs_mem_inj":{"0":-0.000382803,"1":-0.0004863585,"2":-0.0001642761,"3":-0.0004750698,"4":-0.0003037468,"5":-0.0004461307,"6":-0.0005053243,"7":-0.0003164666}}