{"injection_bfs":{"0":-0.0008476695,"1":-0.0008476695,"2":-0.0008476695,"3":-0.0008476695,"4":-0.0008476695,"5":-0.0008476695,"6":-0.0008476695,"7":-0.0008476695},"sampling_bfs":{"0":-0.109501377,"1":0.0940760363,"2":0.096140992,"3":0.1782945629,"4":0.0537839765,"5":0.30427578,"6":0.2167679169,"7":-0.0496061004},"reweighing_to_memory_bfs_mem_inj":{"0":-0.0004180035,"1":-0.0007584693,"2":-0.0005841569,"3":-0.0005322515,"4":-0.0005622549,"5":-0.0004226767,"6":-0.0004471849,"7":-0.0005232581},"reweighing_from_memory_bfs_mem_inj":{"0":-0.0005966286,"1":-0.0004349843,"2":-0.0005045115,"3":-0.0004845371,"4":-0.0004988979,"5":-0.0004944915,"6":-0.0005261705,"7":-0.00053446}}